{"robot0_A1": 0.0, "robot0_right_S1": 0.0, "robot0_right_L1": 0.0, "robot0_right_E1": 0.0, "robot0_right_U1": 0.0, "robot0_right_R1": 0.0, "robot0_right_B1": 0.0, "robot0_right_T1": 0.0, "gripper0_right_R1F1": 0.0, "gripper0_right_R1F2": 0.0, "robot0_left_S2": 0.0, "robot0_left_L2": 0.0, "robot0_left_E2": 0.0, "robot0_left_U2": 0.0, "robot0_left_R2": 0.0, "robot0_left_B2": 0.0, "robot0_left_T2": 0.0, "gripper0_left_R1F1": 0.0, "gripper0_left_R1F2": 0.0, "P1000_withtip004_joint0": [-0.5897, -0.46573, 0.87555, 0.0, -1.0, 0.0, 0.0], "tube1_5ml001_joint0": [-0.16482, 0.80361, 0.9406, 0.7071067811865475, 0.0, 0.0, 0.7071067811865475], "tube1_5ml002_joint0": [-0.13971, 0.80361, 0.9406, 0.7071067811865475, 0.0, 0.0, 0.7071067811865475], "tube1_5ml003_joint0": [-0.11471, 0.80361, 0.9406, 0.7071067811865475, 0.0, 0.0, 0.7071067811865475], "tube1_5ml004_joint0": [-0.089695, 0.80361, 0.9406, 0.7071067811865475, 0.0, 0.0, 0.7071067811865475], "tube1_5ml005_joint0": [0.066168, 0.19393, 0.955, 1.0, 0.0, 0.0, 0.0], "tube1_5ml006_joint0": [0.066168, 0.22904, 0.955, 1.0, 0.0, 0.0, 0.0], "tube1_5ml007_joint0": [0.066168, 0.26404, 0.955, 1.0, 0.0, 0.0, 0.0], "tube1_5ml008_joint0": [0.066168, 0.29903, 0.955, 1.0, 0.0, 0.0, 0.0]}