{"robot0_A1": 0.002849557944605878, "robot0_right_S1": -0.003874315335732148, "robot0_right_L1": 0.02574243596326231, "robot0_right_E1": -0.041180870520042906, "robot0_right_U1": -0.006589651889318378, "robot0_right_R1": -0.005506632708343614, "robot0_right_B1": 0.033217555323534084, "robot0_right_T1": 0.007629618747686905, "gripper0_right_R1F1": 0.0, "gripper0_right_R1F2": 0.0, "robot0_left_S2": 0.001303241220377797, "robot0_left_L2": 0.00994465838099532, "robot0_left_E2": 0.017376672800254036, "robot0_left_U2": 0.00943185859900194, "robot0_left_R2": -0.00822479797600278, "robot0_left_B2": -0.020471808142609228, "robot0_left_T2": -0.02442304833475216, "gripper0_left_R1F1": 0.0, "gripper0_left_R1F2": 0.0, "P1000_withtip004_joint0": [-0.5897, -0.46573, 0.87555, 0.0, -1.0, 0.0, 0.0], "tube1_5ml001_joint0": [-0.16482, 0.80361, 0.9406, 0.7071067811865475, 0.0, 0.0, 0.7071067811865475], "tube1_5ml002_joint0": [-0.13971, 0.80361, 0.9406, 0.7071067811865475, 0.0, 0.0, 0.7071067811865475], "tube1_5ml003_joint0": [-0.11471, 0.80361, 0.9406, 0.7071067811865475, 0.0, 0.0, 0.7071067811865475], "tube1_5ml004_joint0": [-0.089695, 0.80361, 0.9406, 0.7071067811865475, 0.0, 0.0, 0.7071067811865475], "tube1_5ml005_joint0": [0.066168, 0.19393, 0.955, 1.0, 0.0, 0.0, 0.0], "tube1_5ml006_joint0": [0.066168, 0.22904, 0.955, 1.0, 0.0, 0.0, 0.0], "tube1_5ml007_joint0": [0.066168, 0.26404, 0.955, 1.0, 0.0, 0.0, 0.0], "tube1_5ml008_joint0": [0.066168, 0.29903, 0.955, 1.0, 0.0, 0.0, 0.0]}